BID Name:,Borough,Service Area (Linear Feet),Full-time staff,Sanitation staff employed,Public Safety staff employed,Part-time staff,"Individual businesses (retail, restaurant, office, etc.)",Occupied storefronts,Vacant storefronts,Total storefronts,BID provides supplemental sanitation services,Type of sanitation services,Types of duties assigned to sanitation workers,Days per week of sanitation services,Hours logged by sanitation workers,Incidents of graffiti removed,Trash bags collected,Trash and recycling receptacles serviced,BID provides supplemental public safety services,Type of public safety services,Duties assigned to public safety personnel,Hours logged by public safety officers,Interactions with public safety officers,BID provides supplemental streetscape and beautification services,Planters and hanging baskets maintained,Tree pits maintained,Banners maintained,Public art installations sponsored,Street furniture elements maintained,Wayfinding elements maintained,Lighting elements maintained,Other infrastructure elements maintained,Public spaces maintained,BID has holiday lighting program,Communication channels used,Email distribution list,Social media followers,Marketing materials distributed,Public events coordinated,Estimated attendees to public events coordinated,Face coverings distributed,Hand sanitizer distributed,Gloves distributed,Business grant or loan applications assisted,Allocates staff salaries,Assessment revenue,Contract revenue,Program service revenue,Contributions,Fundraising and special event revenue,Government grants,Interest income,Miscellaneous income,Total support and revenue,Sanitation expenses,"Marketing, holiday lighting, and special event expenses",Public safety expenses,Streetscape & beautification expenses,Other program expenses,Capital improvement expenses,Salaries,Outside contractor expenses,Insurance costs,Rent and utilities,Supplies and equipment costs,Other G&A expenses,Total expenses
125th Street,MN,10270,3,6,4,8,154,180,10,190,true,Contracted,Street Sweeping and Bagging; Snow and Ice Removal; Graffiti Removal; Street Furniture Maintenance; Poster and flyer removal,7,12740,16759,65000,60,true,Contracted,Street patrol; Coordination with NYPD,10100,13000,true,,,21,,148,,,,,Yes,"Print advertising (i.e. local newspaper); Digital advertising (i.e. Google, Facebook, Instagram ads); Door-to-door visits; Flyers; Email bulletins; Social media","9,840","9,080",5000,,,40000,,3500,40,No,1240462,,,,38980,,108,,1279550,298556,144774,202308,,77534,,345388,24699,25267,118989,,25700,1263213
161st Street,BX,5220,1,2,0,3,145,150,2,152,true,Contracted,Street Sweeping and Bagging; Snow and Ice Removal; Graffiti Removal,7,4114,1075,35000,48,false,,,,,true,,20,10,21,,4,,,6,Yes,"Digital advertising (i.e. Google, Facebook, Instagram ads); Door-to-door visits; Flyers; Email bulletins; Social media; LinkNYC advertising (more info)",300,75,3600,3,16000,300,20 gallon dispensers,,25,Yes,240000,"$12,000",2000,20000,22000,88000,,,384000,105000,27000,,10000,,,133000,18000,7500,8500,3200,,312200
165th Street Mall,QN,1740,1,3,0,0,168,86,6,92,true,Contracted,Street Sweeping and Bagging; Power Washing; Snow and Ice Removal; Graffiti Removal; Gum Removal,7,3240,9,1120,29,false,,,,,true,,20,,4,,2,29,,,Yes,Print advertising (i.e. local newspaper); Direct mailings; Door-to-door visits; Flyers; Email bulletins; Social media,275,-,34500,30,12000,100,100,,9,Yes,250000,"$2,400",,,,,,,252400,68461,25663,,,,,64910,11180,43336,13281,,6748,233579
180th Street,QN,8150,1,0,4,0,42,41,1,42,false,,,,,,,,true,Contracted,Monitoring security cameras; Street patrol; Coordination with NYPD,180,45,false,,,,,,,,,,No,Direct mailings; Door-to-door visits; Flyers; Email bulletins,60,-,250,2,40,,,,2,No,75000,,,,,,,,75000,500,560,15202,15750,,,16000,7380,2885,2400,,2700,63377
34th Street Partnership,MN,41110,54,68,30,10,I don't know,293,56,349,true,In-house,Street Sweeping and Bagging; Power Washing; Snow and Ice Removal; Graffiti Removal; Gum Removal; Street Furniture Maintenance,7,120127,4380,156600,349,true,In-house,Street patrol; Coordination with NYPD,41910,1502,true,750,136,149,,546,1042,698,622,4,No,"Print advertising (i.e. local newspaper); Digital advertising (i.e. Google, Facebook, Instagram ads); Email bulletins; Social media; LinkNYC advertising (more info)","162,000","20,037",,234,4863,,,,N/A,No,13000000,"$487,088",378187,249388,,,28889,38965,14182517,3789239,412501,2601647,1930174,4642102,132237,918142,127785,80795,96207,9605,63462,14803896
82nd Street Partnership,QN,3460,1,3,0,3,171,170,20,190,true,Contracted,Street Sweeping and Bagging; Power Washing; Snow and Ice Removal; Graffiti Removal; Gum Removal; Street Furniture Maintenance,7,4956,3088,8674,24,false,,,,,true,12,55,19,5,37,,10,34,1,Yes,"Print advertising (i.e. local newspaper); Digital advertising (i.e. Google, Facebook, Instagram ads); Direct mailings; Door-to-door visits; Flyers; Email bulletins; Social media; LinkNYC advertising (more info)","1,303","4,052",3200,32,22600,100000,,,50,Yes,254450,,,,16101,,,25354,295905,113646,19045,,,,,108577,5325,15154,18940,1512,4634,286833
86th Street Bay Ridge,BK,5930,0,4,0,3,159,143,24,167,true,Contracted,Street Sweeping and Bagging; Power Washing; Snow and Ice Removal,7,4888,,45000,39,false,,,,,true,,,23,1,23,,,1,,Yes,"Print advertising (i.e. local newspaper); Digital advertising (i.e. Google, Facebook, Instagram ads); Direct mailings; Door-to-door visits; Flyers; Social media",,-,5500,1,400,,,,20,Yes,290000,,,,1500,,507,,292007,142525,51848,,8515,,,53224,4250,1943,7775,735,2044,272858
Atlantic Avenue,BK,17170,1,2,0,1,338,341,45,386,true,Contracted,Street Sweeping and Bagging; Power Washing; Snow and Ice Removal; Graffiti Removal; Street Furniture Maintenance,7,3840,102,23900,60,false,,,,,true,1,329,74,1,,,89,265,,Yes,Direct mailings; Door-to-door visits; Flyers; Email bulletins; Social media; LinkNYC advertising (more info),"2,408","4,594",25000,1,30,20150,,,5,Yes,390000,,,1500,7000,8399,316,,407215,109065,101828,,34370,,,106836,6515,4862,32630,23798,,419906
Bay Ridge 5th Avenue,BK,17210,4,3,1,0,376,359,17,376,true,Contracted,Street Sweeping and Bagging; Snow and Ice Removal; Graffiti Removal,7,8800,5600,36000,84,true,Contracted,Street patrol; Coordination with NYPD,2080,1040,true,76,,132,12,103,,,75,,Yes,"Print advertising (i.e. local newspaper); Digital advertising (i.e. Google, Facebook, Instagram ads); Direct mailings; Door-to-door visits; Flyers; Social media",750,"3,157",2230,16,11300,25000,,500,25,No,534000,,,,20920,,,,554920,223391,63325,37200,13285,,,131500,6800,4115,21892,5080,22126,528713
Bayside Village,QN,6690,1,1,0,3,284,157,11,168,true,Contracted,Street Sweeping and Bagging; Snow and Ice Removal; Graffiti Removal,6,2184,5,26000,40,false,,,,,true,,,,,,,,,1,Yes,"Print advertising (i.e. local newspaper); Digital advertising (i.e. Google, Facebook, Instagram ads); Door-to-door visits; Flyers; Email bulletins; Social media","2,537","4,675",920,4,4500,62000,,,185,Yes,230000,,,100,1370,26500,,4800,262770,54913,47347,,6112,,,76856,16469,6497,8892,4223,21193,242502
Bed-Stuy Gateway,BK,14310,3,8,1,3,372,383,37,419,true,Contracted,Street Sweeping and Bagging; Power Washing; Snow and Ice Removal; Graffiti Removal; Street Furniture Maintenance,7,12520,1327,19016,93,true,Contracted,Monitoring security cameras; Crime prevention workshops; Street patrol; Coordination with NYPD,1560,35,true,6,93,50,1,89,9,,,1,Yes,"Print advertising (i.e. local newspaper); Digital advertising (i.e. Google, Facebook, Instagram ads); Door-to-door visits; Flyers; Email bulletins; Social media; LinkNYC advertising (more info)","1,500","4,049",28800,15,2000,300000,10,1 BOZ,72,Yes,675000,,,1450,2500,63106,,,742056,286183,74302,21351,6276,1514,,258793,795,48254,26645,17220,47057,788390
Belmont,BX,27170,2,3,2,1,310,310,27,337,true,Contracted,Street Sweeping and Bagging; Snow and Ice Removal; Graffiti Removal,6,3432,50,18200,70,true,Contracted,Monitoring security cameras; Street patrol; Traffic mitigation; Coordination with NYPD,5350,,true,5,,101,,,,,10,1,Yes,Print advertising (i.e. local newspaper); Door-to-door visits; Flyers; Email bulletins; Social media,"1,850","298,357",13900,5,40500,35000,,,10,No,440000,"$3,199",11541,59105,44186,50000,919,,608950,71033,223383,97809,3015,,,163978,21133,3913,30184,4628,22924,642000
Brighton Beach,BK,10530,1,2,0,0,250,140,5,145,true,Contracted,Street Sweeping and Bagging; Snow and Ice Removal; Graffiti Removal,7,3120,10,9672,30,false,,,,,false,,,,,,,,,,Yes,"Print advertising (i.e. local newspaper); Digital advertising (i.e. Google, Facebook, Instagram ads); Door-to-door visits; Social media",120,"1,829",8000,2,1200,7500,,,35,Yes,220000,,,,,10000,,32000,262000,93200,51500,,,9100,,63900,5400,1600,,275,4000,228975
Bryant Park Corporation,MN,9310,55,36,14,6,I don't know,59,23,82,true,In-house,Street Sweeping and Bagging; Power Washing; Snow and Ice Removal; Graffiti Removal; Gum Removal; Street Furniture Maintenance,7,65520,87,69000,198,true,In-house,Street patrol; Coordination with NYPD,25004,2712,true,250,98,48,,4387,98,427,24,1,Yes,"Print advertising (i.e. local newspaper); Digital advertising (i.e. Google, Facebook, Instagram ads); Email bulletins; Social media; LinkNYC advertising (more info)","62,000","384,200",126000,2195,224713,,,,n/a,No,1600000,"$4,697,349",11135654,4784282,,,1243,44171,22262699,2206783,13117733,1329406,1542673,1580947,370960,1001900,120959,113591,100661,12687,43615,21541915
Chinatown,MN,55560,3,20,0,3,2967,1745,238,1983,true,Contracted,Street Sweeping and Bagging; Power Washing; Snow and Ice Removal; Graffiti Removal; Gum Removal; Street Furniture Maintenance,7,34433,4058,77513,181,false,,,,,true,25,242,14,2,114,27,325,739,4,Yes,"Print advertising (i.e. local newspaper); Digital advertising (i.e. Google, Facebook, Instagram ads); Direct mailings; Door-to-door visits; Flyers; Email bulletins; Social media","6,676","8,127",41361,66,528860,36850,200,350,1066,No,1800000,,,3900,,82771,17793,,1904464,927689,183817,,,26315,,238169,78226,25463,88250,32797,7467,1608193
Church Avenue,BK,7580,0,1,0,4,169,155,14,169,true,Contracted,Street Sweeping and Bagging; Power Washing; Snow and Ice Removal; Graffiti Removal,7,2534,1715,46000,40,false,,,,,false,,,,,,,,,,Yes,Print advertising (i.e. local newspaper); Direct mailings; Door-to-door visits; Flyers; Email bulletins; Social media,100,"2,414",10110,6,804,1100,6 gallons,,95,No,203000,,12675,,,5490,59,,221224,64341,37676,,,,,88900,21593,6501,6184,824,4411,230430
Columbus Avenue,MN,8010,1,2,0,1,205,179,22,201,true,Contracted,Street Sweeping and Bagging; Power Washing; Snow and Ice Removal; Graffiti Removal; Gum Removal; Street Furniture Maintenance,7,4368,1000,20000,80,false,,,,,true,,138,,,12,,,147,1,Yes,"Digital advertising (i.e. Google, Facebook, Instagram ads); Door-to-door visits; Email bulletins; Social media; LinkNYC advertising (more info)","6,000","7,271",,2,100,20000,,,n/a,No,428800,,,,25000,5000,,,458800,90000,57647,,45000,5500,,110190,14610,7400,10061,1500,26572,368480
Columbus-Amsterdam,MN,11220,1,6,0,5,215,212,13,217,true,In-house,Street Sweeping and Bagging; Snow and Ice Removal; Graffiti Removal; Street Furniture Maintenance,7,4180,150,17000,28,true,Both or Other (please explain),Coordination with NYPD,,34,true,7,200,,,8,1,10,230,1,Yes,"Print advertising (i.e. local newspaper); Digital advertising (i.e. Google, Facebook, Instagram ads); Direct mailings; Door-to-door visits; Flyers; Email bulletins; Social media; LinkNYC advertising (more info)",906,"1,576",72550,19,4900,60000,12,,n/a,Yes,350000,,,52050,,10400,1987,,414437,138344,68398,28574,124044,,,21700,949,423,4694,380,655,388161
Court-Livingston-Schermerhorn,BK,28020,3,2,2,1,215,191,29,220,true,Contracted,Street Sweeping and Bagging; Power Washing; Snow and Ice Removal; Graffiti Removal; Gum Removal; Street Furniture Maintenance,7,30526,780,73000,108,true,Contracted,Monitoring security cameras; Street patrol; Coordination with NYPD,4160,11177,true,15,312,110,,198,5,47,6,2,Yes,"Digital advertising (i.e. Google, Facebook, Instagram ads); Direct mailings; Door-to-door visits; Flyers; Social media","2,600","35,532",,,,16375,,,N/A,Yes,1400000,,,,2500,,971,1283,1404754,656614,86421,159834,219702,19699,,109618,,13222,9723,4028,156200,1435061
Diamond District Partnership,MN,1930,1,3,5,0,2600,38,47,85,true,Contracted,Street Sweeping and Bagging; Graffiti Removal; Gum Removal; Street Furniture Maintenance,7,2950,5500,10000,14,true,Contracted,Street patrol; Coordination with NYPD,17000,,true,18,,,,1,,27,10,,Yes,Print advertising (i.e. local newspaper); Door-to-door visits; Flyers; Email bulletins,600,-,97100,3,275,30000,,,125,No,900000,,39045,395618,,,946,,1335608,84386,79697,797134,36050,50893,,100000,,12000,1596,7000,15200,1183957
Downtown Alliance,MN,121820,57,31,30,1,1065,701,157,858,true,Contracted,Street Sweeping and Bagging; Power Washing; Snow and Ice Removal; Graffiti Removal; Gum Removal; Street Furniture Maintenance,7,107168,2130,96927,407,true,In-house,Street patrol; Traffic mitigation; Coordination with NYPD,86407,582478,true,221,9,,1,293,675,109,60,10,Yes,"Print advertising (i.e. local newspaper); Digital advertising (i.e. Google, Facebook, Instagram ads); Direct mailings; Flyers; Email bulletins; Social media","60,000","100,000",122000,15,2000,45000,,,61,No,20400000,"$1,606,500",240000,690941,,30059,258500,455000,23681000,4450250,1981000,4122250,812500,6228500,,1702500,209500,133000,519000,49000,253500,20461000
Downtown Flushing Transit Hub,QN,11110,3,7,0,2,1000,500,10,510,true,In-house,Street Sweeping and Bagging; Snow and Ice Removal; Street Furniture Maintenance,7,20075,250,90000,80,false,,,,,true,,,70,,,5,79,,1,Yes,"Print advertising (i.e. local newspaper); Digital advertising (i.e. Google, Facebook, Instagram ads); Direct mailings; Flyers; Social media",400,"5,081",,11,50000,60000,200,2000,100,Yes,380000,,35400,,75100,479364,586,,970450,429760,102158,2800,6125,58664,,250325,29538,44663,25734,7139,3304,960210
Dumbo Improvement District,BK,36680,3,10,0,8,1300,205,10,215,true,Contracted,Street Sweeping and Bagging; Power Washing; Snow and Ice Removal; Graffiti Removal; Gum Removal; Street Furniture Maintenance,7,16562,275,38480,65,false,,,,,true,36,11,84,21,120,6,,,4,No,"Digital advertising (i.e. Google, Facebook, Instagram ads); Direct mailings; Flyers; Email bulletins; Social media","14,000","91,700",17350,67,40000,6500,,,n/a (detailed description below),Yes,1150000,"$53,523",36868,195518,,12200,,,1448109,227092,324493,,34311,122365,,507923,31822,7197,39146,23914,20238,1338501
East Brooklyn,BK,54560,0,7,0,0,262,54,16,70,true,Contracted,Street Sweeping and Bagging,3,1102,,614,0,false,,,,,false,,,,,,,,,,No,Direct mailings; Door-to-door visits; Flyers; Email bulletins,85,15,1652,4,263,24500,,,15,Yes,142500,,,,,,,500,143000,30690,1400,,,19980,,55005,4500,1394,3500,250,3138,119857
East Midtown Partnership,MN,49480,3,44,7,1,3000,763,93,856,true,Contracted,Street Sweeping and Bagging; Power Washing; Snow and Ice Removal; Graffiti Removal; Street Furniture Maintenance,7,69240,726,124667,280,true,Contracted,Street patrol; Coordination with NYPD,14566,8307,true,14,168,35,,,,,600,1,Yes,"Print advertising (i.e. local newspaper); Digital advertising (i.e. Google, Facebook, Instagram ads); Direct mailings; Door-to-door visits; Email bulletins; Social media","6,044","7,730",20500,4,5000,1000,,,50,No,3500000,,,,,,830,,3500830,1182012,323867,472070,243761,126806,,515338,20314,85146,136062,73546,,3178922
FAB Fulton,BK,20400,2,5,,1,205,205,29,234,true,Contracted,Street Sweeping and Bagging; Power Washing; Snow and Ice Removal; Graffiti Removal; Gum Removal; Street Furniture Maintenance,7,7688,2350,67000,115,true,In-house,Coordination with NYPD,78,,true,48,182,41,,35,,,,4,Yes,"Print advertising (i.e. local newspaper); Digital advertising (i.e. Google, Facebook, Instagram ads); Direct mailings; Door-to-door visits; Flyers; Email bulletins; Social media; LinkNYC advertising (more info)","3,065","9,395",2785,27,1200,16150,,,n/a,No,500000,,3104,,11650,95000,723,50082,660559,191765,86768,,9131,,,225734,4750,4115,51372,8314,876,582826
Fifth Avenue Association,MN,22220,9,8,20,1,1300,126,21,147,true,In-house,Street Sweeping and Bagging; Power Washing; Snow and Ice Removal; Graffiti Removal; Gum Removal; Street Furniture Maintenance,7,16640,300,56000,78,true,In-house,Street patrol; Coordination with NYPD,42000,21000,true,8,,,,20,,,,1,No,"Digital advertising (i.e. Google, Facebook, Instagram ads); Direct mailings; Door-to-door visits; Email bulletins; Social media",500,"4,150",5000,2,1000000,13000,,,0,Yes,6414000,,,,,18000,39501,1250,6472751,729995,1250110,1711567,385438,,,231755,11049,136414,312160,39437,146471,4954396
Flatbush Avenue,BK,7480,0,2,0,4,308,264,44,308,true,Contracted,Street Sweeping and Bagging; Power Washing; Snow and Ice Removal; Graffiti Removal,7,4344,2205,61000,40,false,,,,,true,,,23,,,,,,,Yes,"Print advertising (i.e. local newspaper); Digital advertising (i.e. Google, Facebook, Instagram ads); Direct mailings; Door-to-door visits; Flyers; Email bulletins; Social media",100,"2,515",3385,5,795,1850,15,,110,No,386000,,16565,,,3820,475,,406860,116351,51354,718,,,,101164,37115,8738,6184,5955,3678,331257
Flatbush-Nostrand Junction,BK,9110,1,2,0,0,200,195,5,200,true,Contracted,Street Sweeping and Bagging; Snow and Ice Removal; Graffiti Removal,7,5364,2499,11843,14,false,,,,,false,,,,,,,,,,Yes,Print advertising (i.e. local newspaper); Direct mailings; Door-to-door visits; Flyers; Social media,"3,000",890,1300,2,60,4000,1000,,5,No,200000,,,,,5728,5,,205733,92352,26351,,,1100,,93220,13544,3803,,3304,3057,236731
Flatiron/23rd Street Partnership,MN,47610,6,24,6,2,4064,560,63,623,true,Contracted,Street Sweeping and Bagging; Power Washing; Snow and Ice Removal; Graffiti Removal; Street Furniture Maintenance,7,42762,22225,150993,192,true,Contracted,Street patrol; Coordination with NYPD,12000,10985,true,115,178,84,1,288,,,188,4,No,"Print advertising (i.e. local newspaper); Digital advertising (i.e. Google, Facebook, Instagram ads); Direct mailings; Door-to-door visits; Flyers; Email bulletins; Social media; LinkNYC advertising (more info)","11,413","39,044",80860,94,5217,56000,,,5,Yes,3000000,"$151,807",,673640,,,32971,,3858418,1165068,568218,530896,755294,135120,,80912,37489,45063,134124,3531,65856,3521571
Fordham Road,BX,16220,2,8,0,3,326,242,33,275,true,Contracted,Street Sweeping and Bagging; Graffiti Removal; Street Furniture Maintenance,7,14820,5630,76250,95,false,,,,,true,27,,13,,,,,,,Yes,"Print advertising (i.e. local newspaper); Digital advertising (i.e. Google, Facebook, Instagram ads); Direct mailings; Door-to-door visits; Flyers; Email bulletins; Social media","1,608","8,684",8300,67,40000,24000,,"3,000",65,No,1010000,,,36255,,51185,1468,,1098908,442360,172872,,19982,,,326070,17020,10985,29786,4978,10232,1034285
Forest Avenue,SI,8190,0,1.5,0,0,149,134,3,137,true,Contracted,Street Sweeping and Bagging; Snow and Ice Removal; Graffiti Removal,7,2569,835,15000,60,false,,,,,true,,50,27,,,,,,,Yes,"Digital advertising (i.e. Google, Facebook, Instagram ads); Direct mailings; Flyers; Email bulletins; Social media",,"3,186",7000,3,6000,5500,,,2,No,165000,,3270,,,9525,63,,177858,52500,39574,,2240,,,,61600,2404,,,3510,161828
Fulton Mall Improvement Association,BK,16300,7,2,10,1,Do Not Track,123,27,150,true,Contracted,Street Sweeping and Bagging; Power Washing; Snow and Ice Removal; Graffiti Removal; Gum Removal; Street Furniture Maintenance,7,45462,780,73000,113,true,Contracted,Monitoring security cameras; Street patrol; Coordination with NYPD,20800,4,true,16,145,49,1,207,10,45,102,1,Yes,"Digital advertising (i.e. Google, Facebook, Instagram ads); Door-to-door visits; Flyers; Social media",,-,,14,2244,16375,5000,,n/a,Yes,2701350,"$39,333",7119,,5015,,2187,1699,2756703,779507,176341,602517,294526,147773,,198681,,94858,15780,5736,169329,2485048
Garment District Alliance,MN,44000,15,40,23,3,6500,804,94,898,true,Both or Other (please explain),Street Sweeping and Bagging; Power Washing; Snow and Ice Removal; Graffiti Removal; Gum Removal; Street Furniture Maintenance,7,92051,1901,87522,116,true,In-house,Street patrol; Coordination with NYPD,67352,114355,true,155,115,93,8,660,10,372,414,5,Yes,"Print advertising (i.e. local newspaper); Digital advertising (i.e. Google, Facebook, Instagram ads); Direct mailings; Door-to-door visits; Flyers; Email bulletins; Social media; LinkNYC advertising (more info)","5,223","20,125",6700,20,750000,10000,,,n/a,Yes,10900000,,105256,,,,,,11005256,3651120,334159,1739502,746548,174252,,1523515,525000,81922,529550,39329,177595,9522492
GatewayJFK,QN,19611,2,3,,1,600,39,9,48,true,Contracted,Street Sweeping and Bagging; Power Washing; Graffiti Removal,2,4080,279,4452,11,false,,,,,true,,,26,,,,,,,Yes,Print advertising (i.e. local newspaper); Direct mailings; Door-to-door visits; Flyers; Email bulletins; Social media,883,136,1000,4,400,8000,,,45,No,500000,,2750,,,,,,502750,85447,34566,,4364,40810,,108717,,5120,13462,8422,1323,302230
Graham Avenue BID,BK,9810,1,3,0,4,160,132,12,144,true,Contracted,Street Sweeping and Bagging; Snow and Ice Removal; Graffiti Removal; Street Furniture Maintenance,7,2900,15,18000,45,false,,,,,true,,28,26,2,3,,,14,1,Yes,"Print advertising (i.e. local newspaper); Digital advertising (i.e. Google, Facebook, Instagram ads); Door-to-door visits; Flyers; Email bulletins; Social media; LinkNYC advertising (more info)",160,234,2260,32,6000,,Placing 6 hand sanitizing stands next week),,Only shared info on email blasts or for those who inquired,No,215000,,,,7924,,,8737,231661,66650,19303,,,869,,53087,7533,3371,22592,2393,2075,177873
Grand Central Partnership,MN,73960,33,60,35,4,7896,828,132,960,true,Both or Other (please explain),Street Sweeping and Bagging; Power Washing; Snow and Ice Removal; Graffiti Removal; Gum Removal; Street Furniture Maintenance,7,89641,2522,116555,264,true,Both or Other (please explain),Crime prevention workshops; Street patrol; Traffic mitigation; Coordination with NYPD,49491,60107,true,661,224,200,,52,1932,1693,922,,Yes,"Print advertising (i.e. local newspaper); Digital advertising (i.e. Google, Facebook, Instagram ads); Direct mailings; Door-to-door visits; Flyers; Email bulletins; Social media","16,020","12,911",5437,16,6200,24350,,,Unknown. We promoted programs and disseminated information to our businesses about grants and loans but do not know how many applied/received.,Yes,12709372,,1993829,,,,277614,168628,15149443,3946592,1058769,3029923,1574238,2344834,386121,1148964,62668,48475,388096,23018,126423,14138122
Grand Street,BK,7770,2,2,0,1,153,153,29,182,true,Contracted,Street Sweeping and Bagging; Power Washing; Graffiti Removal; Gum Removal; Street Furniture Maintenance,7,2800,139,4750,19,false,,,,,true,,60,27,7,4,3,,128,,Yes,"Print advertising (i.e. local newspaper); Digital advertising (i.e. Google, Facebook, Instagram ads); Direct mailings; Door-to-door visits; Flyers; Email bulletins; Social media; LinkNYC advertising (more info)","1,524","4,213",120,4,1200,40000,70,,N/A,Yes,271752,,,55900,,42000,104,,369756,79605,22383,,67850,1769,,155285,11503,1721,17602,7114,5345,370178
Hudson Square,MN,39012,7,0,0,0,Less than 1000,135,32,167,false,,,,,,,,false,,,,,true,35,300,50,11,10,3,3,341,6,Yes,"Digital advertising (i.e. Google, Facebook, Instagram ads); Direct mailings; Door-to-door visits; Flyers; Email bulletins; Social media; LinkNYC advertising (more info)","4,300","7,711",8200,25,792,1000,,,n/a,Yes,3200000,,110938,,,,14972,589,3326499,,723311,,1430518,318560,2253283,99565,107833,10348,119732,33963,57569,5154682
Hudson Yards Hell�s Kitchen (HYHK) Alliance,MN,46700,6,12,6,1,200,120,25,145,true,Contracted,Street Sweeping and Bagging; Power Washing; Snow and Ice Removal; Graffiti Removal; Gum Removal; Street Furniture Maintenance,7,22929,6000,74400,80,true,Contracted,Monitoring security cameras; Street patrol; Coordination with NYPD,9752,,true,100,51,120,4,54,,,19,9,Yes,"Print advertising (i.e. local newspaper); Digital advertising (i.e. Google, Facebook, Instagram ads); Flyers; Email bulletins; Social media",812,"2,890",3200,3,500,,6 stations,,0,Yes,2600000,"$28,625",13544,197382,,144000,1316,4865,2989733,596317,117013,232953,203245,,204762,692077,47934,29964,73829,76894,36976,2311963
Jamaica Center,QN,9880,4,9,0,0,420,302,16,318,true,Contracted,Street Sweeping and Bagging; Power Washing; Snow and Ice Removal; Graffiti Removal; Gum Removal,7,16655,24337,37447,101,false,,,,,true,,,19,,,,,,1,Yes,"Print advertising (i.e. local newspaper); Digital advertising (i.e. Google, Facebook, Instagram ads); Direct mailings; Door-to-door visits; Flyers; Email bulletins; Social media; LinkNYC advertising (more info)","1339 (decreased from last year due to ""best practices"" clean up of our database)","17,073",11575,8,5350,5000,,,25,Yes,1017500,,5834,500,,106400,1147,,1131381,384017,69576,,1175,,,313462,27560,172664,46832,9343,15584,1040213
Jerome Gun Hill,BX,8070,0,2,0,2,230,210,20,230,true,In-house,Street Sweeping and Bagging; Power Washing; Snow and Ice Removal; Graffiti Removal; Street Furniture Maintenance,7,2912,10,36500,72,true,Both or Other (please explain),Monitoring security cameras; Coordination with NYPD,25,25,true,15,120,15,,,,,,1,Yes,"Print advertising (i.e. local newspaper); Digital advertising (i.e. Google, Facebook, Instagram ads); Direct mailings; Door-to-door visits; Flyers; Email bulletins; Social media",700,"2,329",3500,8,5000,30000,300,,15,No,259000,,,,57006,,,,316006,137164,71480,,31424,1500,,15000,2710,1157,315,2551,2772,266073
Kings Highway,BK,7680,1,2,0,2,224,196,28,224,true,Contracted,Street Sweeping and Bagging; Power Washing; Graffiti Removal; Gum Removal,6,4452,380,58000,80,false,,,,,false,,,,,,,,,,Yes,"Print advertising (i.e. local newspaper); Digital advertising (i.e. Google, Facebook, Instagram ads); Email bulletins; Social media","1,500","3,100",3500,,,5000,,,0,No,350000,,5500,1750,,20000,,,377250,122108,73087,,,9850,,104095,4360,1991,28349,5973,2045,351858
Kingsbridge,BX,13140,2,1,0,0,175,175,28,203,true,Contracted,Street Sweeping and Bagging; Snow and Ice Removal,7,2520,30,15000,68,false,,,,,true,4,128,48,,5,,,6,2,Yes,Direct mailings; Door-to-door visits; Flyers; Email bulletins,192,-,50,,,8000,,,5,No,329000,,,,,,681,263,329944,116704,35784,,11731,,,90492,10250,5435,26726,6133,1162,304417
Lincoln Square,MN,28680,6,19,10,10,250,179,22,201,true,Contracted,Street Sweeping and Bagging; Power Washing; Snow and Ice Removal; Graffiti Removal; Street Furniture Maintenance,7,30701,12255,63996,125,true,Contracted,Street patrol; Coordination with NYPD,14236,5656,true,88,,87,1,445,5,,,15,Yes,"Print advertising (i.e. local newspaper); Digital advertising (i.e. Google, Facebook, Instagram ads); Direct mailings; Door-to-door visits; Flyers; Email bulletins; Social media; LinkNYC advertising (more info)","4,783","6,044",205858,11,26239,,,,We widely disseminated information on City grants as well as information on SBA loans and other loan and grant programs through non-profit and private enterprises. Two businesses�a dry cleaner and Color Me Mine�expressed interest in loan programs and we forwarded material to them.,Yes,2850000,,,407086,,132187,608,,3389881,953273,725265,517843,307686,136238,,141179,59274,12623,101645,11844,58385,3025255
Long Island City Partnership,QN,25460,3,7,1,1,224,175,56,231,true,Contracted,Street Sweeping and Bagging; Power Washing; Snow and Ice Removal; Graffiti Removal; Gum Removal; Street Furniture Maintenance,7,14086,184,40728,101,true,In-house,Crime prevention workshops; Street patrol; Coordination with NYPD,500,25,true,90,144,91,3,,100,128,36,4,Yes,"Print advertising (i.e. local newspaper); Digital advertising (i.e. Google, Facebook, Instagram ads); Direct mailings; Door-to-door visits; Flyers; Email bulletins; Social media; LinkNYC advertising (more info)","10,746","12,063",9335,13,2000,74000,,,58,Yes,908000,,5000,,10000,,433,,923433,430885,87279,67830,267113,,,44419,17074,6182,,,4430,925211
Lower East Side Partnership,MN,10870,10,5,0,0,Unknown,Unkown,Unkown,Unkown,true,Contracted,Street Sweeping and Bagging; Power Washing; Snow and Ice Removal; Graffiti Removal; Street Furniture Maintenance,7,9560,72650,15704,69,false,,,,,true,81,143,15,1,87,4,,25,5,No,"Print advertising (i.e. local newspaper); Digital advertising (i.e. Google, Facebook, Instagram ads); Direct mailings; Email bulletins; Social media; LinkNYC advertising (more info)","7,452","31,275",45533,382,50000,27000,,,N/A Direct - Used Webinars,Yes,1300000,"$237,000",66450,,,202759,,122386,1928595,445219,317030,,41347,512950,,97432,,51998,140305,,274330,1880611
Madison Avenue,MN,27450,2,11,12,1,770,474,75,549,true,Contracted,Street Sweeping and Bagging; Power Washing; Snow and Ice Removal; Graffiti Removal; Gum Removal; Street Furniture Maintenance,7,21708,305,34900,109,true,In-house,Crime prevention workshops; Street patrol; Traffic mitigation; Coordination with NYPD,24960,11671,true,,33,37,2,,,,54,,Yes,"Print advertising (i.e. local newspaper); Digital advertising (i.e. Google, Facebook, Instagram ads); Direct mailings; Door-to-door visits; Flyers; Email bulletins; Social media","1,331","5,077",9500,7,5000,40000,,,50,Yes,2022000,,120786,,,188125,488,,2331399,508286,334391,732787,84358,,,135577,134157,5250,136086,16535,28818,2116245
South Shore,SI,21950,1,4,0,0,316,301,15,316,true,Contracted,Street Sweeping and Bagging,4,936,,3000,20,true,Both or Other (please explain),Monitoring security cameras; Coordination with NYPD,104,50,true,,50,58,,,,,,1,Yes,"Print advertising (i.e. local newspaper); Digital advertising (i.e. Google, Facebook, Instagram ads); Direct mailings; Door-to-door visits; Social media",225,"1,800",7500,2,5000,5000,150,,4,Yes,185000,,,,,15000,1700,,201700,48650,53771,6060,10000,,,40000,8120,10240,3600,,,180441
Meatpacking District,MN,31420,5,8,5,,500,205,48,253,true,Contracted,Street Sweeping and Bagging; Power Washing; Snow and Ice Removal; Graffiti Removal; Gum Removal; Street Furniture Maintenance,7,22250,1540,37500,102,true,Contracted,Street patrol; Traffic mitigation,6240,1248,true,50,122,100,,330,2,119,35,4,No,"Print advertising (i.e. local newspaper); Digital advertising (i.e. Google, Facebook, Instagram ads); Direct mailings; Door-to-door visits; ; Email bulletins; Social media; LinkNYC advertising (more info)","45,445","75,186",50600,4,12150,,,,n/a,No,2392000,"$30,000",143564,18500,55096,,17639,384704,3041502,413272,457286,281256,130866,92187,281787,547257,204136,36375,123337,54271,2502,2624532
MetroTech,BK,46200,13,2,22,1,195,238,25,263,true,Contracted,Street Sweeping and Bagging; Power Washing; Snow and Ice Removal; Graffiti Removal; Gum Removal; Street Furniture Maintenance,7,58088,1560,146603,159,true,In-house,Monitoring security cameras; Street patrol; Coordination with NYPD,45760,39775,true,73,459,194,1,278,12,102,252,6,Yes,"Digital advertising (i.e. Google, Facebook, Instagram ads); Door-to-door visits; Flyers; Social media",,-,,115,10884,16375,,,N/A,Yes,4771553,"$50,667",,109760,63000,,413,16228,5011621,1091577,318069,1494209,403517,147775,,375958,,121936,38318,15932,409027,4416318
Montague Street,BK,3980,1,2,0,2,100,84,16,100,true,Contracted,Street Sweeping and Bagging; Power Washing; Snow and Ice Removal; Graffiti Removal; Gum Removal; Street Furniture Maintenance,7,2496,186,6105,17,false,,,,,true,65,50,9,,20,2,,50,,Yes,"Print advertising (i.e. local newspaper); Digital advertising (i.e. Google, Facebook, Instagram ads); Door-to-door visits; Flyers; Email bulletins; Social media; LinkNYC advertising (more info)","1,203","3,250",800,3,5200,10000,,,10,Yes,210000,,,,,6495,,12000,228495,66126,46116,,26340,,,54832,6081,4151,12000,6478,4493,226619
Morris Park,BX,15525,2,2,0,4,305,288,7,295,true,Contracted,Street Sweeping and Bagging; Snow and Ice Removal; Graffiti Removal,7,2548,145,48910,71,true,In-house,Monitoring security cameras; Traffic mitigation; Coordination with NYPD,96,4,false,,,,,,,,,,Yes,"Print advertising (i.e. local newspaper); Digital advertising (i.e. Google, Facebook, Instagram ads); Direct mailings; Door-to-door visits; Flyers; Email bulletins; Social media; LinkNYC advertising (more info)",100,"1,800",170,15,2000,30000,300,,90,Yes,390000,,,,,25000,16555,11,431566,135715,61502,1500,3189,,,90587,8620,3445,15145,3571,42088,365361
Myrtle Avenue (Brooklyn),BK,15950,3,3,,2,176,180,39,219,true,Contracted,Street Sweeping and Bagging; Snow and Ice Removal; Graffiti Removal,7,5200,188,43000,91,false,,,,,true,,165,42,8,85,3,5,121,1,Yes,"Digital advertising (i.e. Google, Facebook, Instagram ads); Door-to-door visits; Flyers; Email bulletins; Social media","4,556","18,230",38700,70,3800,15000,,,14,Yes,575000,"$8,800",71050,79883,125500,81000,2000,8899,952132,290405,239491,,94378,194680,,62860,900,2695,5200,903,6500,898012
Myrtle Avenue (Queens),QN,16990,2,3,0,4,332,332,19,351,true,Contracted,Street Sweeping and Bagging; Snow and Ice Removal; Graffiti Removal; Street Furniture Maintenance,7,6384,3662,69000,55,false,,,,,true,13,385,4,,66,28,,101,5,Yes,"Print advertising (i.e. local newspaper); Digital advertising (i.e. Google, Facebook, Instagram ads); Direct mailings; Door-to-door visits; Flyers; Email bulletins; Social media","4,225","1,763",88709,51,72300,15550,,,N/A,No,507676,,,2000,571,81400,179,,591826,171937,162131,,15334,,,,135520,23986,20517,292,5396,535113
New Dorp Lane District,SI,11884,1,1.5,0,3,154,141,13,154,true,Contracted,Street Sweeping and Bagging; Power Washing; Graffiti Removal; Street Furniture Maintenance,4,338,1,82,25,false,,,,,true,25,150,21,3,5,1,30,2,3,Yes,"Print advertising (i.e. local newspaper); Digital advertising (i.e. Google, Facebook, Instagram ads); Direct mailings; Door-to-door visits; Flyers; Email bulletins; Social media; LinkNYC advertising (more info)","2,900","3,633",5660,8,28000,9000,325,3000,76,No,135000,,,,30919,5000,,,170919,28089,95325,,,,,50000,3000,8582,,485,5367,190848
NoHo NY,MN,12570,2,5,0,3,Do not track,124,28,152,true,Contracted,Street Sweeping and Bagging; Power Washing; Snow and Ice Removal; Graffiti Removal; Street Furniture Maintenance,7,8800,7725,56000,60,false,,,,,true,60,6,32,,1,,,85,,No,"Print advertising (i.e. local newspaper); Digital advertising (i.e. Google, Facebook, Instagram ads); Direct mailings; Door-to-door visits; Flyers; Email bulletins; Social media","1,938","3,774",1250,8,350,20000,100,,1,No,600000,,,19779,,,1441,,621220,244346,15279,,7938,,,158934,12000,3644,62314,10605,17111,532171
North Flatbush Avenue BID,BK,6820,1,1,0,0,143,143,32,175,true,Contracted,Street Sweeping and Bagging; Snow and Ice Removal; Street Furniture Maintenance,7,2184,704,11725,54,false,,,,,true,50,80,30,3,8,,,,3,Yes,"Print advertising (i.e. local newspaper); Digital advertising (i.e. Google, Facebook, Instagram ads); Direct mailings; Door-to-door visits; Flyers; Email bulletins; Social media; LinkNYC advertising (more info)","1,100","3,881",7050,12,4000,10000,,20 boxes,n/a,No,200000,,15358,,3250,45000,,,263608,63962,20249,,42060,,,,48525,3777,11600,1299,15351,206823
Park Slope 5th Avenue,BK,27630,2,4,0,2,524,456,68,524,true,Contracted,Street Sweeping and Bagging; Power Washing; Snow and Ice Removal; Graffiti Removal; Street Furniture Maintenance,5,6200,2383,24857,126,false,,,,,true,,,50,,,,1,,,Yes,"Print advertising (i.e. local newspaper); Digital advertising (i.e. Google, Facebook, Instagram ads); Flyers; Email bulletins; Social media; LinkNYC advertising (more info)","2,908","22,695",5200,15,10000,75000,,,500,No,475000,,7402,,23598,,,,506000,175100,83000,,728,14000,,163000,33268,6000,21000,3200,2350,501646
Pitkin Avenue,BK,12880,3,2,0,10,185,185,15,200,true,Both or Other (please explain),Street Sweeping and Bagging; Graffiti Removal,7,3070,325,9600,34,true,In-house,Monitoring security cameras; Coordination with NYPD,320,,true,,92,25,,8,,,,2,Yes,"Print advertising (i.e. local newspaper); Digital advertising (i.e. Google, Facebook, Instagram ads); Direct mailings; Door-to-door visits; Flyers; Email bulletins; Social media","2,500","1,800",8450,5,1000,3000,,,5,No,225000,,,,10000,298399,,,533399,74654,98091,,137387,,,155351,2374,30260,2938,6381,3315,510751
SoHo Broadway Initiative,MN,6960,3,5,0,1,907,111,47,158,true,Contracted,Street Sweeping and Bagging; Power Washing; Snow and Ice Removal; Graffiti Removal; Street Furniture Maintenance,7,10684,8032,43194,42,true,In-house,Crime prevention workshops; Street patrol; Coordination with NYPD,432,28,true,,,24,,,,,5,8,No,Door-to-door visits; Flyers; Email bulletins; Social media,"2,964","1,665",750,6,1000,6250,,,0,No,900000,,,700,81150,40000,18,12209,1034077,313864,9163,190,,19287,,389924,44931,5449,36359,1697,21420,842284
Southern Boulevard,BX,6830,1,3,0,1,161,148,13,135,true,In-house,Street Sweeping and Bagging; Power Washing; Graffiti Removal,7,3840,50,6824,117,true,Both or Other (please explain),Monitoring security cameras; Street patrol; Coordination with NYPD,230,,true,,18,20,,,,8,8,,Yes,"Digital advertising (i.e. Google, Facebook, Instagram ads); Flyers; Email bulletins; Social media","3,600","2,130",3650,5,5000,10000,450,"15,000",28,No,200000,,,4766,,39174,136,,244076,106604,53909,5939,1843,,,36182,58013,1278,1027,1643,,266437
Steinway Street,QN,9930,2,3,0,2,335,240,51,291,true,Contracted,Street Sweeping and Bagging; Snow and Ice Removal; Graffiti Removal; Street Furniture Maintenance,7,7665,4555,57825,36,true,Both or Other (please explain),Monitoring security cameras,52,0,true,31,33,22,,53,,,33,,Yes,"Print advertising (i.e. local newspaper); Digital advertising (i.e. Google, Facebook, Instagram ads); Direct mailings; Door-to-door visits; Email bulletins; Social media","1,000","2,602",2000,5,4000,25000,,,200,No,460000,,,,9500,,579,,470079,197400,52000,10062,63121,,,,100000,1200,,,7585,431368
Sunnyside Shines,QN,18290,2,3,0,2,268,268,23,291,true,Contracted,Street Sweeping and Bagging; Power Washing; Snow and Ice Removal; Graffiti Removal; Gum Removal; Street Furniture Maintenance,7,8193,118,39450,68,false,,,,,true,37,125,26,1,118,,,104,2,Yes,"Print advertising (i.e. local newspaper); Digital advertising (i.e. Google, Facebook, Instagram ads); Flyers; Email bulletins; Social media","5,052","13,577",9300,43,9100,40000,25,,36,No,360000,"$190,103",26077,23049,150,38025,351,10000,647756,160044,96234,,44010,,,216244,9325,8397,36335,17199,16231,604019
Sunset Park,BK,11780,2,1,0,3,630,550,80,630,true,Contracted,Street Sweeping and Bagging; Snow and Ice Removal; Graffiti Removal; Street Furniture Maintenance,7,2700,125,42000,100,false,,,,,false,,,,,,,,,,Yes,"Print advertising (i.e. local newspaper); Digital advertising (i.e. Google, Facebook, Instagram ads); Door-to-door visits; Flyers; Social media",400,"12,900",2050,10,38000,60000,"50 1-gallon jugs, 500 individual sprays",,12,No,300000,,,,5990,,,,305990,56631,60348,,,,,84468,,2537,36444,3394,4594,248416
Sutphin Boulevard,QN,4440,1,3,2,1,140,89,1,90,true,Contracted,Street Sweeping and Bagging; Power Washing; Snow and Ice Removal; Graffiti Removal; Gum Removal,7,3460,40,16000,40,true,Both or Other (please explain),Crime prevention workshops; Street patrol; Coordination with NYPD,200,60,true,,54,6,,,,,5,,Yes,"Print advertising (i.e. local newspaper); Digital advertising (i.e. Google, Facebook, Instagram ads); Direct mailings; Door-to-door visits; Flyers; Email bulletins; Social media",700,"1,130",1700,14,12000,500,,,10,No,252000,,,,12835,8500,,,273335,103792,53807,,,,,83341,18616,4265,12550,7056,3502,286929
Third Avenue (Bronx),BX,3450,6,8,0,4,315,128,9,137,true,Both or Other (please explain),Street Sweeping and Bagging; Power Washing; Snow and Ice Removal; Graffiti Removal; Street Furniture Maintenance,7,13440,217,18218,75,false,,,,,true,,18,23,1,45,12,,15,4,Yes,"Print advertising (i.e. local newspaper); Digital advertising (i.e. Google, Facebook, Instagram ads); Direct mailings; Door-to-door visits; Flyers; Email bulletins; Social media; LinkNYC advertising (more info)","27,452","4,091",36900,82,100000,100000,20000,40000,1432,Yes,450927,"$78,700",,45308,586000,107417,35,82188,1350574,256491,197364,12360,34095,40065,,236892,37934,4783,73451,4730,39829,937993
Throggs Neck,BX,15295,1,2,0,1,281,208,28,236,true,Contracted,Street Sweeping and Bagging; Snow and Ice Removal,4,1526,,15400,0,false,,,,,true,,78,,,,,,,,Yes,Print advertising (i.e. local newspaper); Flyers; Email bulletins; Social media,,-,2000,,,10000,,,n/a,No,200000,,,,,,,,200000,69623,4239,,14040,,,53391,2465,3428,20570,7569,15,175340
Times Square Alliance,MN,52800,38,72,31,15,1925,589,52,641,true,Both or Other (please explain),Street Sweeping and Bagging; Power Washing; Snow and Ice Removal; Graffiti Removal; Gum Removal; Street Furniture Maintenance,7,164010,2922,160100,405,true,Both or Other (please explain),Monitoring security cameras; Crime prevention workshops; Street patrol; Coordination with NYPD,70720,35000,true,100,76,228,18,700,20,,250,2,No,"Print advertising (i.e. local newspaper); Digital advertising (i.e. Google, Facebook, Instagram ads); Direct mailings; Door-to-door visits; Flyers; Email bulletins; Social media","55,702","2,123,214",53000,448,10000000,20000,"1,000",n/a,Times Square Alliance notified all businesses through its weekly mailers on the availability of the programs and how to apply.  Assistance was offered on making introductions to the city agencies involved.,Yes,14347293,,2759348,843179,3683423,99495,172008,,21904746,6173802,7300781,3763766,312958,641379,384037,1682484,288544,42696,516769,537093,,21644309
Union Square Partnership,MN,22380,8,22,0,3,Do not track,830,62,892,true,Contracted,Street Sweeping and Bagging; Power Washing; Snow and Ice Removal; Graffiti Removal; Gum Removal; Street Furniture Maintenance,7,45161,18727,147069,80,false,,,,,true,111,100,258,,670,,76,150,8,Yes,"Print advertising (i.e. local newspaper); Digital advertising (i.e. Google, Facebook, Instagram ads); Direct mailings; Door-to-door visits; Flyers; Email bulletins; Social media; LinkNYC advertising (more info)","14,376","67,864",41400,211,22000,23000,,,n/a,No,2600000,,11250,,,134400,8893,,2754543,1148242,315208,,188334,96512,,867981,42900,49765,6512,9496,18754,2743704
Village Alliance,MN,22750,3,10,3,2,500,353,73,426,true,Contracted,Street Sweeping and Bagging; Power Washing; Snow and Ice Removal; Graffiti Removal; Street Furniture Maintenance,7,21938,12796,91000,108,true,Contracted,Street patrol; Coordination with NYPD,5835,1450,true,101,145,36,1,178,5,36,113,3,Yes,"Print advertising (i.e. local newspaper); Digital advertising (i.e. Google, Facebook, Instagram ads); Direct mailings; Door-to-door visits; Email bulletins; Social media","8,225","34,473",25600,10,14000,10000,50,,4,Yes,1400000,"$71,000",,62150,31500,,4066,12725,1581441,625325,327116,191099,221801,1150,,70443,,8022,57392,15979,36928,1555255
Washington Heights BID,MN,7030,2,5,0,0,248,210,38,248,true,Contracted,Street Sweeping and Bagging; Snow and Ice Removal; Graffiti Removal; Street Furniture Maintenance,7,11196,789,43100,75,false,,,,,false,,,,,,,,,,Yes,"Print advertising (i.e. local newspaper); Digital advertising (i.e. Google, Facebook, Instagram ads); Direct mailings; Door-to-door visits; Flyers; Social media","1,000","1,670",900,4,3000,20000,,,100,No,517422,$-,,,,35000,,25800,578222,274300,20400,,,,,138100,9000,15500,93900,7690,11000,569890
West Shore,SI,26880,1,2,0,3,72,Industrial Space - do not track,Industrical Space - do not track,Industrial track,true,Contracted,Street Sweeping and Bagging; Power Washing; ; Gum Removal; Street Furniture Maintenance,1,192,2,250,0,true,In-house,Monitoring security cameras; Coordination with NYPD,20,0,true,10,80,15,1,,5,,20,,No,"Print advertising (i.e. local newspaper); Digital advertising (i.e. Google, Facebook, Instagram ads); Direct mailings; Social media",300,532,150,1,35,3000,80,2000,36,No,110420,$-,,1000,1000,55000,,,166420,30000,2650,,,3000,20930,35000,,,,,3173,94753
Westchester Square,BX,9100,2,2,1,0,190,163,10,173,true,Contracted,Street Sweeping and Bagging; Graffiti Removal,7,2080,20,6420,40,true,In-house,Monitoring security cameras; Street patrol; Coordination with NYPD,2080,300,true,10,40,49,,,,,,1,Yes,"Print advertising (i.e. local newspaper); Digital advertising (i.e. Google, Facebook, Instagram ads); Door-to-door visits; Flyers; Email bulletins; Social media","2,000","2,678",2500,5,1000,30000,1000,500,35,Yes,387200,"$7,369",7369,,,,,,394569,119180,64013,56100,,5620,,96664,,3895,33046,,16051,394569
White Plains Road,BX,3610,1,2,0,1,106,99,7,106,true,In-house,Street Sweeping and Bagging; Power Washing; Snow and Ice Removal; Street Furniture Maintenance,6,2080,,600,,false,,,,,false,,,,,,,,,,Yes,"; Digital advertising (i.e. Google, Facebook, Instagram ads); Direct mailings; Door-to-door visits; Flyers; Email bulletins; Social media",106,101,106,3,23,10000,,,N/A,Yes,110000,$-,,,,,,,110000,31200,4700,,1000,,,39833,6465,2088,5980,250,,91516
Woodhaven BID,QN,10340,2,2,,3,348,319,36,355,true,Contracted,Street Sweeping and Bagging; Power Washing; Snow and Ice Removal; Graffiti Removal; Gum Removal,5,3640,200,68000,120,false,,,,,true,16,,88,,5,,,,1,Yes,"Print advertising (i.e. local newspaper); Digital advertising (i.e. Google, Facebook, Instagram ads); Direct mailings; Flyers; Email bulletins; Social media; LinkNYC advertising (more info)",190,"1,426",2450,8,1500,37500,600,,7,No,275000,$-,,5700,5700,,825,,281525,77100,60819,,,,,91581,13810,2481,31759,3923,4564,286037
